{
  "EmojiDataArray" : [
    {
      "CVDataTitle" : "EmojiCategory-People",
      "CVCategoryImage" : "Emoji-HumanImage",
      "CVCategoryData" : {
        "CVSkipNullGlyphs" : true,
        "Data" : "😄,😃,😀,😊,☺️,😉,😍,😘,😚,😗,😙,😜,😝,😛,😳,😁,😔,😌,😒,😞,😣,😢,😂,😭,😪,😥,😰,😅,😓,😩,😫,😨,😱,😠,😡,😤,😖,😆,😋,😷,😎,😴,😵,😲,😟,😦,😧,😈,👿,😮,😬,😐,😕,😯,😶,😇,😏,😑,👲,👳,👮,👷,💂,👶,👦,👧,👨,👩,👴,👵,👱,👼,👸,😺,😸,😻,😽,😼,🙀,😿,😹,😾,👹,👺,🙈,🙉,🙊,💀,👽,💩,🔥,✨,🌟,💫,💥,💢,💦,💧,💤,💨,👂,👀,👃,👅,👄,👍,👎,👌,👊,✊,✌️,👋,✋,👐,👆,👇,👉,👈,🙌,🙏,☝️,👏,💪,🚶,🏃,💃,👫,👪,👬,👭,💏,💑,👯,🙆,🙅,💁,🙋,💆,💇,💅,👰,🙎,🙍,🙇,🎩,👑,👒,👟,👞,👡,👠,👢,👕,👔,👚,👗,🎽,👖,👘,👙,💼,👜,👝,👛,👓,🎀,🌂,💄,💛,💙,💜,💚,❤️,💔,💗,💓,💕,💖,💞,💘,💌,💋,💍,💎,👤,👥,💬,👣,💭"
      }
    },
    {
      "CVDataTitle" : "EmojiCategory-Nature",
      "CVCategoryImage" : "Emoji-NatureImage",
      "CVCategoryData" : {
        "CVSkipNullGlyphs" : true,
        "Data" : "🐶,🐺,🐱,🐭,🐹,🐰,🐸,🐯,🐨,🐻,🐷,🐽,🐮,🐗,🐵,🐒,🐴,🐑,🐘,🐼,🐧,🐦,🐤,🐥,🐣,🐔,🐍,🐢,🐛,🐝,🐜,🐞,🐌,🐙,🐚,🐠,🐟,🐬,🐳,🐋,🐄,🐏,🐀,🐃,🐅,🐇,🐉,🐎,🐐,🐓,🐕,🐖,🐁,🐂,🐲,🐡,🐊,🐫,🐪,🐆,🐈,🐩,🐾,💐,🌸,🌷,🍀,🌹,🌻,🌺,🍁,🍃,🍂,🌿,🌾,🍄,🌵,🌴,🌲,🌳,🌰,🌱,🌼,🌐,🌞,🌝,🌚,🌑,🌒,🌓,🌔,🌕,🌖,🌗,🌘,🌜,🌛,🌙,🌍,🌎,🌏,🌋,🌌,🌠,⭐️,☀️,⛅️,☁️,⚡️,☔️,❄️,⛄️,🌀,🌁,🌈,🌊"
      }
    },
    {
      "CVDataTitle" : "EmojiCategory-Objects",
      "CVCategoryImage" : "Emoji-ObjectsImage",
      "CVCategoryData" : {
        "CVSkipNullGlyphs" : true,
        "Data" : "🎍,💝,🎎,🎒,🎓,🎏,🎆,🎇,🎐,🎑,🎃,👻,🎅,🎄,🎁,🎋,🎉,🎊,🎈,🎌,🔮,🎥,📷,📹,📼,💿,📀,💽,💾,💻,📱,☎️,📞,📟,📠,📡,📺,📻,🔊,🔉,🔈,🔇,🔔,🔕,📢,📣,⏳,⌛️,⏰,⌚️,🔓,🔒,🔏,🔐,🔑,🔎,💡,🔦,🔆,🔅,🔌,🔋,🔍,🛁,🛀,🚿,🚽,🔧,🔩,🔨,🚪,🚬,💣,🔫,🔪,💊,💉,💰,💴,💵,💷,💶,💳,💸,📲,📧,📥,📤,✉️,📩,📨,📯,📫,📪,📬,📭,📮,📦,📝,📄,📃,📑,📊,📈,📉,📜,📋,📅,📆,📇,📁,📂,✂️,📌,📎,✒️,✏️,📏,📐,📕,📗,📘,📙,📓,📔,📒,📚,📖,🔖,📛,🔬,🔭,📰,🎨,🎬,🎤,🎧,🎼,🎵,🎶,🎹,🎻,🎺,🎷,🎸,👾,🎮,🃏,🎴,🀄️,🎲,🎯,🏈,🏀,⚽️,⚾️,🎾,🎱,🏉,🎳,⛳️,🚵,🚴,🏁,🏇,🏆,🎿,🏂,🏊,🏄,🎣,☕️,🍵,🍶,🍼,🍺,🍻,🍸,🍹,🍷,🍴,🍕,🍔,🍟,🍗,🍖,🍝,🍛,🍤,🍱,🍣,🍥,🍙,🍘,🍚,🍜,🍲,🍢,🍡,🍳,🍞,🍩,🍮,🍦,🍨,🍧,🎂,🍰,🍪,🍫,🍬,🍭,🍯,🍎,🍏,🍊,🍋,🍒,🍇,🍉,🍓,🍑,🍈,🍌,🍐,🍍,🍠,🍆,🍅,🌽"
      }
    },
    {
      "CVDataTitle" : "EmojiCategory-Places",
      "CVCategoryImage" : "Emoji-PlacesImage",
      "CVCategoryData" : {
        "CVSkipNullGlyphs" : true,
        "Data" : "🏠,🏡,🏫,🏢,🏣,🏥,🏦,🏪,🏩,🏨,💒,⛪️,🏬,🏤,🌇,🌆,🏯,🏰,⛺️,🏭,🗼,🗾,🗻,🌄,🌅,🌃,🗽,🌉,🎠,🎡,⛲️,🎢,🚢,⛵️,🚤,🚣,⚓️,🚀,✈️,💺,🚁,🚂,🚊,🚉,🚞,🚆,🚄,🚅,🚈,🚇,🚝,🚋,🚃,🚎,🚌,🚍,🚙,🚘,🚗,🚕,🚖,🚛,🚚,🚨,🚓,🚔,🚒,🚑,🚐,🚲,🚡,🚟,🚠,🚜,💈,🚏,🎫,🚦,🚥,⚠️,🚧,🔰,⛽️,🏮,🎰,♨️,🗿,🎪,🎭,📍,🚩,🇯🇵,🇰🇷,🇩🇪,🇨🇳,🇺🇸,🇫🇷,🇪🇸,🇮🇹,🇷🇺,🇬🇧"
      }
    },
    {
      "CVDataTitle" : "EmojiCategory-Symbols",
      "CVCategoryImage" : "Emoji-SymbolImage",
      "CVCategoryData" : {
        "CVSkipNullGlyphs" : true,
        "Data" : "1️⃣,2️⃣,3️⃣,4️⃣,5️⃣,6️⃣,7️⃣,8️⃣,9️⃣,0️⃣,🔟,🔢,#️⃣,🔣,⬆️,⬇️,⬅️,➡️,🔠,🔡,🔤,↗️,↖️,↘️,↙️,↔️,↕️,🔄,◀️,▶️,🔼,🔽,↩️,↪️,ℹ️,⏪,⏩,⏫,⏬,⤵️,⤴️,🆗,🔀,🔁,🔂,🆕,🆙,🆒,🆓,🆖,📶,🎦,🈁,🈯️,🈳,🈵,🈴,🈲,🉐,🈹,🈺,🈶,🈚️,🚻,🚹,🚺,🚼,🚾,🚰,🚮,🅿️,♿️,🚭,🈷,🈸,🈂,Ⓜ️,🛂,🛄,🛅,🛃,🉑,㊙️,㊗️,🆑,🆘,🆔,🚫,🔞,📵,🚯,🚱,🚳,🚷,🚸,⛔️,✳️,❇️,❎,✅,✴️,💟,🆚,📳,📴,🅰,🅱,🆎,🅾,💠,➿,♻️,♈️,♉️,♊️,♋️,♌️,♍️,♎️,♏️,♐️,♑️,♒️,♓️,⛎,🔯,🏧,💹,💲,💱,©,®,™,❌,‼️,⁉️,❗️,❓,❕,❔,⭕️,🔝,🔚,🔙,🔛,🔜,🔃,🕛,🕧,🕐,🕜,🕑,🕝,🕒,🕞,🕓,🕟,🕔,🕠,🕕,🕖,🕗,🕘,🕙,🕚,🕡,🕢,🕣,🕤,🕥,🕦,✖️,➕,➖,➗,♠️,♥️,♣️,♦️,💮,💯,✔️,☑️,🔘,🔗,➰,〰,〽️,🔱,◼️,◻️,◾️,◽️,▪️,▫️,🔺,🔲,🔳,⚫️,⚪️,🔴,🔵,🔻,⬜️,⬛️,🔶,🔷,🔸,🔹"
      }
    }
  ],
  "CVViewFontList" : [
    "AppleColorEmoji"
  ]
}